customer_id,full_name,email,phone_number,date_of_birth,city,state,gender,age,join_date
0,Benjamin Holmes,invalid_email.com,(163)498-7943x48321,07/11/1925,Mayberg,Maryland,,-5,
1,Julie Anderson,hgilbert@hartman.org,622-365-1632,1962-11-06,Langtown,Texas,Other,51,2023-05-27
2,Michael Kelley,carriesanchez@stokes.com,+1-576-096-7233x4755,1930-06-30,Samanthaburgh,Tennessee,Female,28,2023-04-04
3,Patricia Davis,ngallagher@yahoo.com,893-321-8570,1920-03-14,North Bryan,Wisconsin,Male,43,2022-08-03
4,Stephanie Fernandez,grahampatricia@hotmail.com,+1-647-997-8474x9875,2009-05-19,West Chase,Washington,Female,31,2025-09-15
5,Dana Mata,coopererin@gmail.com,804-562-4994x6856,2015-05-01,East Patricia,Oregon,Female,33,2020-11-13
6,Joshua Thornton,rlewis@adams.com,295.868.5581x8178,1952-02-22,Chambersberg,Pennsylvania,Female,27,2023-03-31
7,Sergio Coleman,smithmarcus@yahoo.com,134-384-7352x4942,1968-09-14,Port Ritaburgh,Tennessee,Female,77,2022-09-23
8,Nicole Lawrence,charles82@vasquez-callahan.info,001-385-764-8967x512,1953-03-30,West Christina,New Hampshire,Female,25,2025-03-23
9,Daniel Lopez,ooneal@payne.com,756.247.3243x939,1922-06-15,Woodhaven,New Mexico,Male,45,2021-12-15
5,Michael Scott,nicholascollins@yahoo.com,689.964.8695x646,2025-07-14,East Karen,Michigan,,62,2021-12-06
11,James Merritt,ehawkins@cox.com,1475619657,2005-01-01,Brandyhaven,Vermont,,24,2020-09-13
12,Gloria Scott,cassie44@gmail.com,664-724-1122x119,1991-03-28,South Chadborough,New Jersey,Male,20,2021-10-10
13,Diane Petersen,rileyjennifer@gmail.com,439-571-6602x07649,2015-04-06,Lake Timothychester,Nevada,Other,25,2025-09-19
14,Shelley Roberts,kevingomez@hotmail.com,669.453.9040,1941-02-20,Cynthiamouth,Delaware,Other,46,2025-10-05
15,Kelli Harris,jamesmitchell@gmail.com,277.824.0842,1950-11-03,East Stevenfort,Nebraska,Male,32,2021-01-02
16,Larry Smith,urobinson@gaines-harvey.org,+1-757-564-0104,1927-09-17,Richardsonhaven,Kentucky,,46,2023-01-21
17,Michael Black,laurencoleman@hotmail.com,(314)615-1369x0437,1987-01-16,Lake Steven,Indiana,Female,29,2023-07-05
18,Caitlin Hill,tammyrichardson@hotmail.com,982.940.1895x7532,1923-02-08,Samanthastad,Kentucky,Male,69,2025-05-16
19,Luis Wilson,austin35@gmail.com,001-481-968-4017x33509,2015-08-22,Grahamshire,Massachusetts,Female,78,2023-04-24
20,Kevin Landry,invalid_email.com,385.423.1389x64243,1943-05-23,North Isabelshire,Virginia,Male,76,2023-09-01
21,Brian Taylor,jamieblake@carter-huang.net,(142)236-4347,2004-01-31,Mooreview,Georgia,Male,48,2022-06-16
22,Jennifer Guerrero,jamestaylor@brown.com,8778287794,2019-01-22,Ryanburgh,Rhode Island,Male,80,2025-05-20
23,Nicholas Cohen,charlesmcdonald@sanchez.org,1873918795,1953-08-06,New Ronald,Iowa,Other,65,2023-09-06
24,Justin Marquez,simsjudith@gmail.com,001-558-124-5327,1977-05-19,West Kathyfort,Connecticut,Other,65,2020-01-24
25,Greg Stewart,tross@williams-donovan.com,(833)578-1946x02077,2002-01-25,Hartfort,California,Other,-5,2020-10-24
26,Kyle Long,amy32@watson.com,979.648.6068,2011-02-16,Lake Jessicafort,Florida,Female,19,2025-10-22
27,Felicia Castro,gallagherjennifer@gmail.com,001-272-905-5187x64203,2014-12-27,Mcbridetown,Arkansas,Other,41,2021-06-29
28,Alicia Martinez,atkinsonrobert@stone.net,+1-108-928-9697x6979,1996-04-12,Lake Patrickville,Mississippi,Other,75,2020-10-04
29,Michael Bryant,smithamy@hotmail.com,001-665-830-3339,1956-10-28,Bellborough,Delaware,Female,61,2020-02-14
30,Peter Johnson,robinsoncourtney@fisher.info,+1-922-029-4035x430,04/11/1981,Andrewhaven,Utah,Other,37,2021-05-26
31,Christopher Grant,nmartinez@gmail.com,9786436590,1945-05-05,West Joseport,New Jersey,Female,80,2020-07-22
32,Laura Miller,hernandezrussell@burgess.com,201-924-6410,1919-01-15,East Wendy,Virginia,Other,53,2025-03-07
33,Randall Foster,tracylowe@gmail.com,449.220.2452x63305,1965-02-14,Lopezburgh,South Carolina,Female,35,2024-01-11
34,Kyle Benton,melissabuchanan@acevedo-allen.com,001-608-691-0174x9790,1965-03-11,Romeroport,South Carolina,Male,31,2020-03-25
35,Angela Johnson,kdunn@wallace.net,(636)912-0526x093,1957-09-06,Frederickhaven,Kentucky,Male,28,2020-12-08
36,Kevin Jones,chad30@hotmail.com,+1-972-360-8184x3784,2019-11-20,New Alexis,New Mexico,Other,29,2020-10-18
37,Wyatt Herrera,jamesmeyer@carey.biz,+1-943-848-9131x708,2004-08-18,Gibsonside,Mississippi,Female,33,2026-01-31
38,Joshua Anderson,jharris@hotmail.com,794-229-3157x07236,1930-11-09,West Donaldmouth,Delaware,Other,28,2025-01-08
39,Sheila Johnson,torresashley@yahoo.com,722.431.3912x90728,1975-03-13,East Jessicatown,Iowa,Other,56,2021-02-08
40,Sheri Patel,invalid_email.com,(129)501-3071x55468,1918-10-07,Gomezhaven,Hawaii,Male,38,
41,Lisa Wolfe,chobbs@gmail.com,389.667.5627x45868,1926-02-22,Lake Traci,Nebraska,,51,2024-11-06
42,Donna Sanders,michaelmartinez@banks.com,679-288-0629,1973-11-28,Robinsonborough,Montana,Other,45,2021-11-10
43,Suzanne Gonzalez,vzamora@yahoo.com,(903)894-6208x567,2019-07-03,Brendaview,Iowa,,25,2024-04-20
44,Christine Roberts,kimberlyhansen@hotmail.com,001-803-711-7347x804,1989-01-29,Joelborough,Idaho,Male,55,2020-10-11
45,Samuel Liu,meyerkimberly@yahoo.com,(828)873-2541x907,1996-11-26,Nicoleshire,California,Female,49,2023-02-15
46,Megan Sawyer,proy@gmail.com,(493)994-6747,1944-06-05,North Brandymouth,Oklahoma,Other,70,2021-08-25
47,Marcus Berry,lbaker@beck-thomas.info,(933)023-4686x618,1997-11-22,Lake Stephanie,South Carolina,Male,32,2022-06-28
48,Maria Gonzalez,paul11@hotmail.com,071.885.6017x39795,2009-10-29,Harmonfurt,New Mexico,,65,2023-04-12
49,Charlotte Martinez,ballryan@phillips-price.com,663-773-9323x26424,1912-08-26,Emilyburgh,Massachusetts,Other,27,2023-09-17
50,Christine Garrett,scotthector@gray.com,606.234.9932,1939-10-08,North Kellystad,Massachusetts,Male,-5,2024-12-26
51,Rose Garcia,gordonjill@sanchez.com,001-990-386-6206x56514,1952-02-19,Kelleyburgh,Colorado,,43,2021-07-26
52,Jordan Gonzalez,nathan25@gmail.com,(818)470-7314,1924-10-31,Mosstown,Kansas,Female,19,2020-09-12
53,Jose Parker,ebridges@hotmail.com,+1-375-232-5642,2000-12-07,Lake Emilyfort,Alabama,Male,30,2020-10-11
54,David Alvarado,pam11@yahoo.com,(971)622-1987,1952-02-13,Jameschester,Delaware,Female,67,2023-09-09
55,Jeffrey Pruitt,alyssa87@hotmail.com,001-237-894-9483x32098,1923-01-16,Parkertown,Oklahoma,Female,49,2024-03-05
56,Robert Mullins,davidthompson@buchanan.com,+1-571-494-7442,1947-10-31,East Helen,Wyoming,Other,40,2020-11-30
57,Robert Beck Jr.,mbrown@yahoo.com,038.219.8774x568,2008-04-04,Ryanton,Maine,Female,23,2021-01-15
58,Frederick Bird,christina68@yahoo.com,432.519.9466x80597,1972-03-01,Shaunborough,Hawaii,Female,30,2022-07-24
59,Elizabeth Blevins,jaredmcgrath@hotmail.com,(258)103-8237x26230,2011-07-15,Johnsonville,New Mexico,Female,19,2022-07-11
60,Ethan Smith,invalid_email.com,491-217-5879x32866,19/06/1944,East Angelicaborough,Louisiana,Female,59,2025-02-08
61,Joann Brandt,bzimmerman@thomas.biz,617.207.9503x8459,1970-08-10,North Frank,Minnesota,Male,40,2024-01-09
62,David Phillips,maria27@butler.org,569-316-1070x41640,2014-09-24,Timothyview,Georgia,,25,2024-11-03
63,Monica Neal,rosariocarolyn@hotmail.com,+1-334-985-7774x61525,2004-08-27,Cindyfurt,Arkansas,,46,2022-03-17
64,Michael Lee,gina49@hotmail.com,(309)133-2439x83170,2009-12-03,Ryanton,Kentucky,Other,43,2021-01-23
65,Sara Decker,graykimberly@hotmail.com,+1-772-295-4425x7297,1990-09-02,Harveymouth,Iowa,Other,19,2022-07-22
66,Jacob Ballard,ejordan@french.com,001-000-121-6723x21206,2004-08-29,New Bradley,Michigan,Male,46,2021-04-17
67,Caitlin Watson,akirk@jackson-chandler.net,777.911.6584,2002-10-20,South Meghan,Hawaii,Other,71,2024-07-27
68,Rachel Moore,paynejose@blake.com,635-199-9038,1935-09-06,Port Brianland,Maine,Other,23,2021-10-23
69,Gary Simon,klewis@gmail.com,235-763-8415x6408,2005-06-10,Hamptonborough,Iowa,,42,2020-09-27
70,Cynthia Phelps,robert48@jones.com,4416899643,1954-10-14,Parkland,Texas,,79,2023-08-20
71,Edward Russell,kyle77@soto-sanders.biz,(677)844-6989x273,1924-04-09,Lake Laura,Colorado,,35,2023-03-18
72,Gordon Lopez,lisalam@kramer-turner.com,001-434-522-4481,1943-05-27,South Reneefurt,North Dakota,Female,35,2024-12-01
73,Sharon Velez,oburke@gmail.com,001-348-547-8758x69745,1928-06-18,South Teresaburgh,Mississippi,Female,69,2020-10-02
74,William King,vgomez@yahoo.com,+1-535-735-3406x705,1992-03-06,Erinhaven,Massachusetts,,39,2022-09-20
75,Heather Davis,bishopchristine@yahoo.com,(086)718-8238x635,2002-03-07,Hernandezton,Massachusetts,Female,-5,2022-06-27
76,Rachel Lynch,heidi85@yahoo.com,(831)480-8589,1935-11-03,Martinport,Vermont,Male,46,2023-04-25
77,Jonathan Gray,kellywright@spencer.info,(251)714-0924,1995-10-03,New Scottchester,Idaho,Other,38,2024-01-31
78,Marco Robinson,matthew08@hotmail.com,513.224.3386x156,1911-06-06,West Andrewhaven,Texas,,59,2024-11-11
79,Mandy Potts,kimberly29@yahoo.com,+1-218-553-4486x531,1987-09-16,North Jefferyberg,Maine,Male,23,2025-01-27
80,Jamie Elliott,invalid_email.com,175.021.5646,1959-11-14,Port Tina,Maine,Male,79,
81,Katherine Li,jacob14@bates-alexander.net,970.936.4054x90130,1938-05-11,New David,Nebraska,,57,2022-07-14
82,Katherine Brooks,colemanbrenda@yahoo.com,+1-215-321-6727x6331,1916-07-13,Thompsonburgh,Washington,Male,32,2023-09-25
83,Theodore Rogers,tracy31@gmail.com,001-673-098-5403,1936-10-13,West Timothy,Virginia,Other,74,2021-12-01
84,Heather Hunt,clayrobert@yahoo.com,+1-021-845-3758x1263,1916-06-28,Emilymouth,Wyoming,Male,28,2021-10-15
85,Andrew Chan,victorhall@humphrey.com,001-007-687-2017x17927,1917-09-24,Andrewsfurt,Massachusetts,Male,69,2025-04-29
86,Jim Flores,hawkinsrachel@hotmail.com,001-481-678-0368x921,2014-05-02,Dustinhaven,Louisiana,Male,23,2021-12-27
87,Louis Hoffman,diazkaitlyn@orr-robinson.com,+1-073-537-9727x8075,1953-01-23,Jefferyburgh,Oklahoma,Other,23,2020-03-07
88,Jonathon Phillips,jenniferadams@yahoo.com,001-773-750-0917,1981-04-25,Briannaton,Illinois,Male,55,2020-11-14
89,Jason Webb,allisonlowe@yahoo.com,+1-328-184-0176x47190,1998-01-17,West Lisa,Washington,,44,2020-01-16
90,Laura Richardson,kimberly93@gmail.com,001-300-015-5993x99987,02/08/1969,North Courtneyfurt,Oklahoma,,25,2022-12-14
91,Curtis Hall,proach@chavez-owens.com,(595)013-9743,2011-09-30,West Laura,Massachusetts,,61,2024-06-21
92,John Rodriguez,peter93@kemp.com,+1-789-978-8070x2124,2012-10-28,Ruizmouth,Florida,Female,35,2023-11-05
93,Melissa Smith,richard47@beck-reid.org,925-252-2647,1917-10-14,Diazmouth,Texas,Male,36,2021-01-15
94,Austin Williams,lsimpson@garrison.org,+1-006-018-0057,1949-08-10,Lake Michaelton,Wyoming,Other,79,2020-05-04
95,Christine Lopez MD,strongstephanie@yahoo.com,8018130019,1981-05-20,Lake Cynthiachester,Massachusetts,,65,2023-11-13
96,Alexandra Schmidt,kathryn58@sanchez.biz,(476)148-2472,1975-11-22,Harmontown,Virginia,Other,61,2023-09-24
97,Joshua Johnson,karengarcia@hess-mendez.net,(889)999-4648x43050,1924-10-08,Andradeborough,Connecticut,Female,31,2024-10-07
98,Danny Mason,qwarren@hotmail.com,(591)341-3770x070,1923-04-05,Port Denise,Pennsylvania,Male,63,2022-10-01
99,Amanda Khan,patriciacaldwell@hotmail.com,8526396310,1986-09-21,Lake Peter,Arizona,Female,21,2023-05-31
100,Mary Owens,invalid_email.com,003.720.2314x8170,2001-09-23,Lake Nicholasmouth,Louisiana,,-5,2023-05-13
101,Logan Rowland,davidroach@larson.com,203.275.0981x523,1982-09-22,Christinamouth,Alabama,Female,51,2025-12-25
102,James Bonilla,gonzalezkatherine@hotmail.com,4931701657,1955-07-19,South Aliciamouth,Montana,,58,2022-12-21
103,Amanda Robertson,qlang@hickman-lee.net,3260896976,1946-10-20,Wolfestad,Arizona,Other,46,2021-12-16
104,Kelly Ramirez,arnoldrobin@gmail.com,473-434-2018,1916-04-08,Harrismouth,Washington,,48,2025-01-31
105,Jeffrey Riley,welchheather@guzman-garza.com,001-412-988-6787x169,1910-09-08,South Cassandramouth,Virginia,Male,55,2020-01-14
106,Michael Murray,debra90@gmail.com,8524933546,2011-07-08,Stevenfort,New Hampshire,Male,46,2024-08-02
107,Antonio Smith,wskinner@gilbert.org,733-837-5422,1934-05-30,Angelton,Rhode Island,,64,2023-03-17
108,Kimberly Snow,james67@martinez.net,802-672-4124x6207,1948-05-30,West Shannontown,Mississippi,,68,2022-08-09
109,Dean Jacobson,estradadevin@gmail.com,001-023-322-3937x33545,1976-03-06,North Matthewshire,Vermont,Female,56,2021-06-04
110,Laura Hughes,crystalmcfarland@gmail.com,(536)719-4495,1923-08-24,Coopermouth,Kansas,Female,80,2022-03-22
111,Jerry Martinez,kimberlykennedy@valdez-friedman.com,136-996-7938x1497,2010-09-08,Lake Johnmouth,Arkansas,Other,77,2023-08-18
112,Thomas Calderon,thomashill@johnson.biz,(168)295-3965x462,1946-01-05,Potterchester,Nebraska,Other,68,2022-05-26
113,Samuel Roberts,morenoroy@stein.com,+1-255-528-2759x838,1960-12-09,West Johnberg,New York,Male,46,2022-02-18
114,Mrs. Amanda Phillips DVM,ianbarber@clark.com,9079292677,1913-08-30,Victorialand,Iowa,Male,53,2020-12-04
115,Stephen Potter,brockjoshua@gmail.com,165-886-3055x5912,2007-09-05,North Lisaport,Hawaii,Male,28,2023-03-18
116,Howard Holmes,chase05@garrett.com,001-277-207-0521x986,1999-12-02,Nguyenton,Kentucky,Other,51,2023-03-12
117,Christopher Burton,jamesgrant@harrison.com,(697)356-5507x449,1938-03-26,Markstad,Mississippi,,62,2020-06-15
118,Mason Conway,thompsonalvin@yahoo.com,001-360-098-6153x6066,1924-10-31,West Shannonfort,Arkansas,Other,49,2024-08-13
119,Michelle Stafford,ijones@king.info,268.818.7987,1931-08-25,Kristinstad,Arizona,,18,2024-08-21
120,Kevin Mason,invalid_email.com,+1-257-286-3510x524,12/06/1917,Jamesfort,North Dakota,Female,63,
121,Juan Tucker,megan80@adams.com,405.055.5256,1993-03-19,South Jenniferhaven,Pennsylvania,,77,2025-12-28
122,Danielle Maddox,kelly77@yahoo.com,(473)204-9280,1927-05-07,West Lindahaven,Minnesota,Other,26,2025-12-10
123,Michael Jackson,romanshirley@johnson.com,236-234-3915x2193,1987-05-11,Dominguezport,Wyoming,Other,62,2021-08-25
124,Dawn Moran,keith52@smith.com,+1-086-881-6229x6385,2004-04-12,Whitemouth,North Carolina,,71,2024-08-01
125,William Gibson,juarezrobin@yahoo.com,001-213-739-8512x432,2008-07-05,Smithberg,Florida,,-5,2025-09-27
126,Kristen Weaver,ghuff@gmail.com,750.444.3874x89823,2003-01-19,Brockton,Minnesota,,45,2020-01-12
127,Christopher Adams,juan75@miller-dodson.com,001-808-495-2979x34551,1918-02-19,Staceyville,Tennessee,Male,24,2021-10-12
128,Marc Chang,bassphillip@yahoo.com,+1-925-800-5318,2008-02-24,Whitefort,Texas,Male,78,2025-02-26
129,Thomas Richmond,joshua60@pena.com,534-185-6395,1996-12-03,Harrisonton,Rhode Island,Other,72,2025-07-05
130,Patricia Ramirez,alarson@yahoo.com,(609)690-1429x005,1974-02-20,Lewisborough,North Carolina,,49,2023-09-02
131,Cameron Bass,hlee@allen.com,510.867.5408x82948,1941-05-08,New Jason,Kansas,Female,79,2022-07-18
132,Courtney Larsen,kimberlymartin@oneill.com,1692033005,1997-05-25,West Stephanie,Utah,Other,69,2021-10-29
133,Timothy Lowe,johnstongabriel@yahoo.com,001-038-313-1084x181,1971-05-03,South Melinda,New York,Female,62,2022-12-15
134,Charles Tucker,fwoods@yahoo.com,+1-844-829-1321x1195,1935-05-25,Simonland,New York,Male,36,2024-08-20
135,Sonya Stevens,millernathaniel@stevens-murphy.com,118-241-5257x02186,1956-12-20,New Rachelfort,Louisiana,Female,29,2022-08-23
136,Michael Mendoza,jamesgutierrez@hotmail.com,(264)017-8734x376,1995-09-29,North Jennifer,Maryland,,28,2021-08-16
137,Miss Nicole Smith,xmccoy@gmail.com,046-233-1140x69527,1984-06-19,Nicholasside,Minnesota,Female,62,2025-10-19
138,Jennifer Daugherty,garciakyle@russell.com,001-170-703-2253x541,1919-07-05,West Elizabeth,Oregon,,66,2021-11-05
139,Andrew Nguyen,cgarza@clarke.org,001-826-281-0399x341,2013-12-27,Petersonton,Alabama,Male,52,2020-10-31
140,Kenneth Hernandez,invalid_email.com,352-162-3586x997,1978-08-10,Johnsonbury,Idaho,Female,65,2020-03-24
141,Christine Carroll,fjohnston@maldonado.com,5741568289,1941-01-05,Rushberg,Georgia,Female,61,2021-01-11
142,Janet Hayes,kimwood@salazar.com,(832)917-8423x5622,1996-08-11,South James,Mississippi,,59,2023-02-15
143,Arthur Moore,diazrachel@gmail.com,+1-413-560-7114x13585,1942-09-14,New Caseyberg,Kansas,Female,49,2021-01-27
144,Christina Craig,rileyabigail@monroe.com,001-476-348-9745x01517,1974-11-16,North Elizabethport,New Jersey,Other,28,2020-10-01
145,Mercedes Pena,vasquezjennifer@hotmail.com,978-873-6788,1919-10-25,Charlesside,Alabama,,34,2023-03-20
146,Tracy Howard,alexisjames@webb-williamson.com,+1-445-791-7026x083,2011-11-22,Lake Anthonyberg,Texas,Other,24,2023-10-17
147,John Cole,sparksdiana@becker-fletcher.com,001-177-426-0550,2021-10-01,West Jennifershire,Virginia,Male,22,2024-12-18
148,Janet Harris,nicholas82@yahoo.com,(377)253-3580x3655,1912-11-14,Port Mikaylafurt,Rhode Island,Other,64,2023-01-21
149,Michael Garcia,torreskatie@armstrong.biz,(413)724-9488,2017-05-19,Stevensberg,Montana,Male,76,2020-12-30
150,David Baker,anthony93@kennedy-johnson.org,(653)466-7560x77571,02/05/1926,Reynoldstown,New York,Male,-5,2024-08-17
151,Melanie Rios,marshallchristopher@hotmail.com,5852891624,2021-12-04,Taylorbury,Utah,Male,54,2024-03-21
152,Matthew Strickland,lisa22@hotmail.com,210-876-5830x680,1973-06-22,Port Laurieland,North Carolina,Male,44,2020-07-30
153,Kathryn Bean,traci67@simon-haas.com,232-447-1446x8290,1915-07-23,Wongtown,Pennsylvania,Male,18,2022-10-10
154,Alexis Flores,cfrederick@spencer.biz,726.602.6396x032,1924-12-03,Donnaburgh,Nebraska,Other,24,2021-05-15
155,Heather Dixon,taraandrade@owens.org,232.316.3803x43146,1981-10-12,Myersshire,California,Other,55,2025-11-12
156,Amy Phillips,corycruz@gmail.com,834.221.6519,1960-06-26,Jenniferberg,North Carolina,Male,72,2022-01-01
157,Katherine Wilson DDS,mcguirejose@hughes.net,892.641.4651x5377,1972-06-29,Christopherville,Nevada,Other,67,2022-03-08
158,Molly Dixon,burnsjill@yahoo.com,483.823.4865,1969-02-03,East Eric,New York,Female,54,2023-10-16
159,Katherine Perez,whitejoe@mclaughlin.com,080.724.7724,2008-08-16,New Derek,Oregon,Female,44,2025-08-21
160,Sheri Chapman,invalid_email.com,001-877-111-8038x313,1922-09-29,West Sarahberg,Georgia,Male,74,
161,Brian Brock,morenomatthew@harris.com,2620778865,1955-01-04,Port Williamborough,Vermont,Male,56,2022-05-07
162,Vernon Carlson,murphyerika@hughes-fisher.net,438-605-7074x1667,1955-08-04,Lake Joshuabury,Kansas,Female,22,2020-12-20
163,Matthew Jones,james31@johnson.com,018.113.2812x6000,1988-07-12,North Kara,Connecticut,Female,25,2025-12-31
164,Russell Johnson III,kellernatalie@yahoo.com,050.380.6653x184,1973-05-10,Vasquezberg,Alabama,Other,24,2020-09-26
165,Ellen Martinez,andrew27@green.biz,001-850-238-0581x6466,1935-09-11,West Ericborough,Indiana,Other,64,2024-04-06
166,Anthony Green,umurray@hill-barker.net,398-105-7292,2018-11-28,Munoztown,Nebraska,Other,29,2022-09-28
167,Matthew Lucas,ugolden@evans.com,+1-263-894-5908,1926-10-26,Jamesville,Ohio,Female,48,2021-11-17
168,David Martinez,williamsmichael@hernandez-davila.com,001-954-039-3224,2018-03-07,Perezfort,Minnesota,Female,47,2022-01-03
169,Michelle Jennings,briannamckinney@allen.net,109.561.7584x64086,2015-01-18,West Maxton,Vermont,,76,2025-03-25
170,Alyssa Smith,lisa44@simon.com,001-221-367-1374x8408,1960-02-16,Washingtonmouth,Maryland,Female,23,2022-07-05
171,James Crawford,tsmith@ray.org,(098)678-6595,1923-09-02,South Kimberly,California,,28,2022-06-14
172,Marissa Franklin,vsimmons@hotmail.com,+1-690-358-7032x776,2011-01-05,Andreland,Delaware,,42,2024-07-12
173,Richard Burgess,spencermartinez@ryan.com,957.584.6548x995,1979-06-08,Wattsfort,New Hampshire,Female,32,2020-12-22
174,David Ferrell,howarddennis@hotmail.com,046.129.4446x4085,2019-01-06,New Thomas,Illinois,Other,27,2020-08-07
175,Jeremy Smith,alan28@gmail.com,(193)553-6718,1952-05-08,Spencerfurt,Minnesota,Other,-5,2024-02-10
176,Joshua Ortiz,xturner@king.com,+1-896-488-1481x685,1960-06-13,Austinfurt,North Carolina,Other,31,2025-08-01
177,Alicia Vazquez,eringonzalez@yahoo.com,+1-103-905-4226x16053,1971-09-06,South Benjaminmouth,Alabama,,29,2021-09-27
178,Megan Stone,williambishop@hotmail.com,(109)924-9333x76252,1985-12-03,Nicolemouth,West Virginia,Female,36,2023-06-18
179,Nicholas Sanders,jonesedward@yahoo.com,(752)256-1134x09498,1935-11-13,Port Melissa,California,,48,2021-02-15
180,Vanessa Lambert,invalid_email.com,001-957-362-1827x886,25/02/2024,Moniqueburgh,Arizona,Other,44,2025-06-09
181,Aaron Richardson,erika59@hoffman-ford.org,001-646-850-9934x457,1963-03-31,Williamsfurt,South Carolina,Other,26,2022-08-04
182,Ashley Mckay,rsnyder@orr-torres.net,001-426-132-9558x118,1919-04-22,Kevinmouth,Wyoming,Female,70,2024-08-17
183,Stephanie Molina,michaelasmith@hotmail.com,+1-901-056-9929x17092,1958-08-06,Lake Charleshaven,Washington,Male,69,2024-01-17
184,Richard Freeman,spearsricky@irwin.com,+1-058-877-4992x85220,1982-03-24,Pierceview,Indiana,Female,73,2021-06-02
185,Donna Snyder,gonzaleznancy@yahoo.com,+1-472-473-6132x966,1940-05-13,Jenkinsmouth,Wyoming,,47,2023-05-05
186,Thomas Rose,phyllis24@gibbs.com,+1-805-992-0664,1985-01-07,Medinaville,Washington,Male,23,2023-06-11
187,Lisa Sloan,alexisorozco@hotmail.com,(339)333-0356,1954-01-07,Port Lucas,Oklahoma,Female,41,2023-01-12
188,Debbie Crawford,sheila53@yahoo.com,001-197-487-9228x16406,1990-06-26,South Robertbury,Maine,,46,2020-11-14
189,Robin Lopez,sarahjohnson@yahoo.com,(691)594-5931x7515,1993-02-26,North Carolynmouth,Nevada,,67,2020-10-22
190,Tracy Reed,smithtimothy@morgan-smith.net,897-873-1993,2021-04-28,South Hannahbury,Maryland,,45,2021-04-19
191,Caroline Clark,qhoffman@yahoo.com,(301)807-7886x206,1960-03-30,New Lindaborough,South Dakota,,80,2025-05-06
192,Jennifer Lawrence,christian42@buckley.biz,773.601.8352,2006-08-25,Myersstad,Georgia,,38,2023-08-05
193,Michelle Young,carrollbrandon@scott.com,001-692-458-6072x05932,1914-12-30,Devinberg,Arizona,Female,80,2025-05-24
194,Nicole Webb,deborahcollins@lopez.biz,(890)786-3757,1937-07-15,South Cody,Ohio,Male,45,2025-11-15
195,Stacy Lambert DVM,garrisonbrenda@yahoo.com,+1-276-711-6020x61082,1976-02-29,Veronicafort,Idaho,Female,27,2024-01-14
196,Amber Nelson,jhubbard@hotmail.com,(931)583-3524x075,1952-08-14,Port Franklin,North Dakota,Other,21,2023-05-31
197,Andrew Hicks,welchmelissa@miller-ellis.biz,996.529.1834,1932-12-14,Stevenschester,Delaware,Male,43,2024-05-28
198,Chad Thomas,nathanperez@chan-garcia.com,847.398.8701x86438,1934-09-01,Adriennemouth,Alabama,Male,52,2025-10-13
199,Angelica Johnson,fernandezbrian@hahn-acosta.biz,+1-837-573-8537x5207,2021-06-07,Angelaburgh,Arizona,,79,2024-05-10
200,Denise Neal,invalid_email.com,+1-119-003-8773x3069,1933-10-30,North Cheryl,California,Female,-5,
201,Barbara Ortiz DVM,rbarrett@hotmail.com,+1-472-298-8770x801,2017-04-29,Molinastad,New York,Female,80,2020-07-20
202,Timothy Ortiz,garciaalexa@lewis.com,+1-594-949-0110x849,1982-06-19,Lopezfurt,Texas,Other,38,2023-10-18
203,David Brooks,jonathanwilliams@stanton.biz,(950)879-6957x02672,1988-07-27,Port Christopherchester,Texas,,46,2022-12-06
204,Jeffery Johnson,zachary01@hotmail.com,001-751-771-3941,1927-03-27,South Joseph,Kentucky,Female,73,2021-09-06
205,David Ruiz,iancamacho@rush.com,001-794-170-0418x985,2025-11-01,Walkerhaven,Kentucky,Female,52,2024-10-01
206,Sarah Sparks,nicole19@hotmail.com,541.813.0264,1912-11-20,Hollandview,Oregon,Male,47,2025-09-15
207,Amanda Mayo,armstrongamanda@yahoo.com,(831)012-5397x3706,1977-08-28,North Karenbury,California,Other,33,2021-04-29
208,George Mora,john01@graham.com,001-837-184-0027x565,1938-11-02,Davidsontown,Delaware,Male,51,2025-01-12
209,David Wells,cory37@jackson-burton.com,(980)469-1051x730,1995-02-18,Lake Donald,Nevada,Male,20,2025-07-22
210,Jeffrey Gomez,rodriguezmatthew@jackson.org,(997)773-3765,10/03/2005,Jeremyton,West Virginia,Male,65,2024-04-10
211,Alan Burton,wallstara@miller.com,+1-826-778-0953,1917-01-29,Jeffreyburgh,Minnesota,Other,43,2022-04-03
212,Maria Coleman,heidi08@calderon.com,+1-055-460-8583x9918,1955-09-28,Cisneroshaven,Wisconsin,Male,46,2022-07-08
213,Kelly Harris,cdavis@hotmail.com,+1-391-030-7173x65621,2001-03-10,Huffmanmouth,Georgia,,79,2023-08-16
214,Suzanne Lopez,flewis@mullen-peterson.com,246.000.3672x2935,1985-05-13,Benjaminport,Oregon,Female,18,2023-01-22
215,Ryan Brown,lpayne@yahoo.com,906-674-8932,1973-10-03,New Thomasland,New Hampshire,Male,71,2023-09-11
216,Nicole Perez,laurenvelazquez@gonzales.com,182-196-5259x19871,1946-06-24,Kellyville,New York,,51,2023-09-14
217,Adam Lee,loriallen@yahoo.com,259-723-2190,1917-03-30,Garrettport,New Jersey,Male,24,2021-12-29
218,Joe Pena,nataliedavis@hotmail.com,220.336.4261x733,1982-10-11,Romeroberg,Minnesota,Other,26,2021-11-07
219,Melinda Woods,lori55@hotmail.com,227.833.8982x28079,1989-09-11,Meganborough,Indiana,Male,47,2023-07-31
220,Tracy Berger,invalid_email.com,2550494956,1969-10-22,Donnaview,Alaska,Male,65,2024-05-08
221,Michael Gonzales,costaaaron@yahoo.com,693.740.9182,1962-07-30,North Karen,Georgia,Female,46,2020-10-22
222,Harold Lopez,marquezwendy@hotmail.com,+1-698-000-4684x7814,2021-01-24,South Jennifershire,Montana,,64,2023-03-16
223,Lauren Lane,johncohen@hotmail.com,(625)749-8962,2019-08-17,Williamton,New York,Male,27,2022-04-29
224,Patricia Wolf,samantha79@gmail.com,284-308-8892x300,1955-11-28,East Erikamouth,Utah,,40,2020-07-23
225,Tiffany Long,monicascott@hill.com,437.818.5197,1974-08-19,West Cassandrashire,Florida,Male,-5,2023-09-02
226,Amanda Harris,odunn@vargas.com,796.292.1424,1914-08-20,Brownside,Massachusetts,Male,62,2024-02-04
227,Kelly Wilkerson,tfrazier@garcia.org,147.937.4302x115,1974-02-03,Shannonborough,Florida,Female,20,2025-11-30
228,Laura Moody,taylorrivera@morrow-harrington.info,1182625795,1972-04-19,Jacobsmouth,West Virginia,Female,30,2023-06-16
229,Cynthia Mann,wharrison@gmail.com,+1-110-995-1416x6588,1944-01-29,East Timothy,New York,Other,72,2022-04-12
230,Sandra Murphy,andrew44@yahoo.com,529-826-0770x624,2006-04-19,Veronicafurt,Tennessee,,76,2020-05-03
231,Taylor Stephenson,turnerheather@hotmail.com,654-293-6528,1916-07-20,West Jessica,Maine,Other,73,2020-02-27
232,Matthew Archer,audreymiller@yahoo.com,001-172-867-5942x28236,1965-01-16,Aguilarton,Massachusetts,Male,34,2020-08-10
233,Samantha Lynch,fcaldwell@myers-duncan.info,100.435.3545x529,1990-03-15,Williamsshire,North Dakota,Other,56,2023-04-19
234,Amber Baker,cfoster@wallace-brown.com,001-356-066-5251,2016-12-30,Katherinehaven,Nevada,Female,50,2024-05-16
235,Kelly Rogers,westwilliam@gmail.com,(001)990-1905,1912-05-12,Port Melody,New Jersey,Other,36,2020-08-18
236,Misty Carr,smithrobert@gmail.com,+1-405-196-0889,1979-11-22,East Walterhaven,New Jersey,Male,25,2020-09-27
237,Diamond Lee,bennettjennifer@zhang.net,494.968.5405x7600,1969-10-01,South Jesusmouth,Colorado,,48,2022-01-21
238,Mary Carr,sonyagarcia@gmail.com,001-627-977-5138x6231,1914-05-25,West Rebecca,Maryland,Other,42,2021-12-10
239,Alexis Wilson,lauragregory@gmail.com,173.961.0076x396,1964-05-24,Port Natasha,Massachusetts,Other,69,2024-02-18
240,Michael Duncan,invalid_email.com,(375)045-4508x5273,19/11/2006,Port Michelleview,Utah,Other,63,
241,Jose Ayala,jaredrussell@smith.com,132.830.7155x17835,1965-06-16,Port Rodneyfort,Wisconsin,Female,21,2024-09-09
242,Michele Davis,pgillespie@hood.com,001-111-563-7915,2023-07-01,North Isabel,Utah,Other,46,2023-08-23
243,Dennis Carlson,harrisgary@hotmail.com,+1-004-598-8535x459,2000-12-19,Huffmanmouth,California,,66,2023-09-30
244,William Nunez,sarah82@rangel-miller.com,757.326.7892x3853,1939-06-04,New Stephanieborough,Michigan,Other,54,2025-08-14
245,Bobby Jones,blackpreston@gmail.com,+1-736-764-1876x28689,1998-09-20,Lake Nathanmouth,Kentucky,Male,35,2023-04-30
246,Lindsay Berg,ebrown@sanford.com,244.932.9403x771,2005-05-27,East Christopherborough,Oregon,,61,2022-11-19
247,Jose Freeman,michaelberry@stephens.info,+1-006-951-2490x984,1931-07-28,Matthewborough,Tennessee,,33,2025-02-14
248,Manuel Carlson,gilbert80@hotmail.com,467.796.1023x31236,2013-11-23,Port Krystal,Arizona,,40,2021-05-05
249,Jeffrey Taylor,jennifer68@carroll.com,(524)095-9744x88907,1975-01-11,Lake Pamelahaven,Minnesota,,24,2025-01-01
250,Angie Moore,chad63@hotmail.com,(315)333-2020x49663,1964-11-06,East Charles,Missouri,Other,-5,2020-08-26
251,Seth Barnett,williamwatkins@matthews.info,(289)272-1927,2000-12-15,Reedmouth,South Carolina,,40,2020-08-16
252,Victor Quinn,cerickson@yahoo.com,409-921-7743x519,1990-11-21,New Melanie,Utah,Female,35,2024-11-04
253,Matthew Carson,qdavis@clarke.com,001-513-111-3673,2000-06-29,Terriview,Alabama,Male,66,2021-01-15
254,Brittany Petty,beckerteresa@faulkner-watkins.com,001-213-250-4570x11543,1914-07-20,West Richard,Colorado,Other,55,2021-05-10
255,Matthew Smith,christopher65@yahoo.com,978-683-6458,1998-06-12,North Loriside,New Jersey,Other,45,2022-02-20
256,Amanda Allen,cunninghamdonna@woods.com,889.761.5651,1911-07-07,West Michelle,Idaho,Other,58,2024-09-20
257,Douglas Garcia,davidberry@hotmail.com,001-468-636-5820x1090,1971-03-22,West Vanessa,South Dakota,,45,2020-05-17
258,Jonathan Medina,clarkdavid@buckley.com,+1-034-093-8785x8724,1965-08-19,Port Edwardmouth,Tennessee,Female,78,2021-12-01
259,Cindy Martinez,vdavidson@dodson-arellano.com,+1-337-720-9315,1912-10-27,Lake Adam,Connecticut,Other,52,2025-09-29
260,Jessica Davis,invalid_email.com,(661)821-5576x081,1961-04-27,Elizabethland,Montana,Male,59,2024-01-25
261,Jason Webster,sullivanelizabeth@barry.info,(254)223-7603x1995,2021-02-18,Kathrynchester,Arizona,Female,74,2023-06-29
262,Julie Rios,efuller@alexander.biz,277.093.2275,2008-03-19,South Kimberly,Michigan,Female,26,2021-05-03
263,Spencer Wang,psullivan@gmail.com,256.986.9032,1930-07-26,Matthewshire,North Carolina,Male,29,2025-11-27
264,Jennifer Gordon,thompsontimothy@hotmail.com,(110)410-7792x0616,1924-09-21,New Maria,Maine,Other,24,2021-02-25
265,Andre Valencia,mcgeejo@fox.com,001-182-182-9779,1980-08-13,Nicolestad,Oklahoma,,71,2021-10-29
266,Andrea Hogan,sarahbryant@hotmail.com,520.827.7817,1951-12-05,West Alexis,Virginia,Male,26,2024-02-11
267,Susan Watson,andrea32@schneider.com,6000714150,1918-10-01,Lake Lisamouth,New Hampshire,Female,62,2025-11-10
268,Brandon Bryant,stokesbryan@garza-hayden.com,954-470-2074x77908,1926-09-06,North Ashley,Wyoming,Male,18,2021-07-04
269,Kimberly Cannon,robert93@hernandez.com,(627)570-1415x204,1977-02-01,Melissastad,Connecticut,Other,35,2023-10-24
270,Mrs. Donna Miller PhD,yhunt@yahoo.com,175-539-4237x341,21/07/1961,Lake Austin,Wyoming,Male,57,2024-07-25
271,Jessica Rodriguez,michael73@yahoo.com,588.789.7988x961,1994-10-17,Elizabethfurt,California,,19,2023-08-22
272,Bonnie Mclaughlin,fischerlisa@hotmail.com,001-356-860-5014,1998-02-11,East Russell,Colorado,,73,2022-03-03
273,Tyler Holmes,carloswalker@randall.org,(015)753-9651x165,1917-10-24,East Timothy,Vermont,Other,74,2020-04-15
274,Susan Kelly,aaron14@cline.net,+1-311-506-4656,1976-12-26,Brandiburgh,Nebraska,Male,36,2021-04-21
275,Jon Nelson,michael44@hotmail.com,167.120.2635x5100,1935-12-28,Moralesmouth,Virginia,Female,-5,2023-06-22
276,Mr. Todd Bennett,stanleysydney@york.org,998-756-6401,1915-12-13,East Terri,Virginia,Other,39,2022-04-12
277,Susan Salinas,jmendez@hotmail.com,+1-824-109-3219x13720,1966-07-17,Lake Brookeborough,Virginia,Male,71,2020-05-18
278,John Morgan,kimberly60@yahoo.com,562.937.9785x0568,1976-04-25,Baileyside,Oregon,Male,41,2025-09-10
279,Chris Webb,stacy10@yahoo.com,002-787-7703x40619,1923-08-19,Mccoyville,Iowa,Other,73,2020-03-06
280,Lisa Jackson,invalid_email.com,001-451-215-6665x136,1999-02-28,North Megantown,New Jersey,Other,63,
281,Craig Bates,tannercooper@yahoo.com,762-462-1931x15034,1989-02-03,Lake Dianeborough,Massachusetts,Male,29,2021-01-13
282,Dr. Christopher Simon,qpaul@gmail.com,(803)104-3459x777,2017-08-25,Stevenshaven,Minnesota,,64,2021-03-04
283,Kyle Andrews,nhubbard@gmail.com,8413922365,1926-01-26,New Kelly,Pennsylvania,Female,36,2022-02-12
284,Steven Harris,jennifer92@gmail.com,1103931057,1947-10-28,Lake Raventon,Tennessee,Male,51,2020-05-05
285,Timothy Bright,james32@hotmail.com,728.592.3249x066,1945-04-02,Jenniferview,Alabama,,31,2020-04-29
286,Glenn Martinez,williamtaylor@yahoo.com,+1-248-312-2117,1965-11-26,Estradashire,Nebraska,Female,39,2024-05-01
287,Danny Hogan,patricia45@ramirez.biz,750-448-4167x1017,1963-02-08,Cherylland,Illinois,Female,28,2024-09-09
288,Adrienne Reid,kimjacob@yahoo.com,490.139.1143,1970-09-06,Lake Jameshaven,Rhode Island,Female,78,2023-12-12
289,Steven Barrera,valeriemartinez@hotmail.com,(812)090-9961,1951-02-14,Jonesville,Vermont,Other,55,2020-07-16
290,Travis George,bhowell@yahoo.com,+1-750-415-3284x469,1919-09-23,North David,Pennsylvania,Male,75,2025-04-01
291,Dawn Campbell,rodriguezcheryl@hotmail.com,196-540-0427x30424,2007-01-14,Riverachester,Indiana,Other,77,2025-12-16
292,Shannon Snow,davisaaron@smith.biz,+1-719-189-7250x6627,1930-12-31,Carolinechester,Nebraska,Female,21,2026-02-11
293,Stephen Brock,brittanyclarke@hopkins.com,368.958.2731,1995-04-16,Lake Christineview,New Hampshire,Other,31,2022-09-09
294,Matthew Lopez,laurenthomas@calderon.com,+1-449-961-4306x95064,1958-12-15,North Felicia,Washington,Other,39,2021-04-30
295,Debra Lopez,andrew88@gmail.com,783-886-0876x998,1923-03-26,Smithville,Tennessee,,35,2021-03-24
296,Walter Moss,youngantonio@hotmail.com,377.132.9866,1981-08-21,Nelsonton,Maryland,Male,70,2024-06-01
297,Joshua Yang,kayla64@york-harrison.net,(506)333-8199,1944-02-26,Robertsshire,Alabama,Male,29,2021-01-28
298,Billy Kim,christopher99@harris.com,+1-256-465-1682x177,1983-05-14,West Barrymouth,Georgia,Other,69,2024-10-23
299,Thomas Thompson,jeffrey13@cooper.com,048-200-9648x9702,1913-09-08,Richardsfurt,New Jersey,,66,2025-12-04
300,Renee Alexander,invalid_email.com,(152)975-5571x765,19/11/1993,South Mariaborough,Idaho,,-5,2025-08-18
301,Donna Pena,susan44@hotmail.com,(618)599-4971x896,1997-08-02,West Dennisbury,Georgia,,41,2020-09-01
302,Renee Wilson,pamela32@elliott.com,702-705-4583x59807,1940-01-19,Sheltontown,South Carolina,Female,33,2023-05-11
303,Danny Hill,coryking@hotmail.com,446-674-3569,1969-09-29,East Robert,Maine,Female,74,2021-07-10
304,Richard Phillips,erinblevins@doyle.com,045-095-8147,1924-05-13,Lake Cathy,Kentucky,Male,29,2025-12-16
305,Eric Garza,floresjohn@henson.net,632.548.7538x4721,1988-11-03,South Kara,New Hampshire,Other,63,2023-07-11
306,Kenneth Barber,heidi33@davidson.com,+1-137-101-3741x939,1913-07-16,New Richard,New York,Female,29,2024-11-30
307,Brenda Simmons,lorismith@yahoo.com,304-064-3457,1947-06-13,Joelside,Mississippi,Female,19,2024-01-08
308,Dawn Rocha,lwoods@taylor.net,(711)636-2858x065,1992-12-30,New Douglasville,Tennessee,Male,72,2020-03-18
309,Lisa White,mpage@wood.com,+1-137-199-1330x26531,1920-01-09,Jimmyberg,Alabama,,24,2022-03-25
310,David Navarro,sstafford@carroll.info,916-686-7632,1963-09-04,New Davidtown,Idaho,Other,46,2024-10-07
311,Roy Johnson,rangelgregory@yahoo.com,244-776-4345,1949-04-27,Lake Andrewton,Alaska,,43,2023-05-06
312,Crystal Love DDS,alan41@erickson.com,844.329.7545x79195,1983-10-20,Stonemouth,Missouri,Other,59,2020-06-28
313,Marcus Shannon,turnerjason@yahoo.com,+1-438-007-9667,2022-09-02,Byrdview,North Carolina,Other,42,2021-07-03
314,Christina Gardner,baldwinregina@carroll.org,2552100720,1957-09-01,Davismouth,Alaska,,64,2022-06-20
315,Christopher Copeland,petersonnathaniel@hotmail.com,728.422.6333x73718,1993-09-16,Ianmouth,Massachusetts,Other,46,2020-05-18
316,Leslie Garcia,wpratt@yahoo.com,001-294-928-6709x345,1995-03-16,South David,Iowa,Male,60,2020-02-16
317,Bethany Marquez,klineleroy@dudley.biz,637-615-8585x01787,2012-02-02,Gutierrezport,Georgia,,22,2020-02-19
318,Makayla Doyle,amyhicks@turner.biz,+1-724-922-1787x1680,1981-08-14,Kelliton,Massachusetts,Male,68,2020-02-24
319,Stephen Miller,bruceandrew@yahoo.com,0234240339,1955-06-19,Gonzalezport,Pennsylvania,Other,50,2025-02-14
320,Joshua Leonard,invalid_email.com,001-364-922-3850x09716,1933-01-21,North Jeromeland,Delaware,,22,
321,Jill Jones,mitchellmelissa@gallagher-taylor.biz,901.408.5117x1613,2006-12-01,Johnsonfort,Pennsylvania,,40,2022-09-29
322,Robert Reid,robinchen@miller.com,994.110.5404,1946-09-05,Smithfort,Arizona,,78,2023-01-22
323,Christopher Alexander,ubailey@williams.com,729-708-5398x098,1964-01-22,Hallmouth,Wisconsin,Male,78,2024-01-11
324,Samantha Rosales,luis10@hotmail.com,378-329-7066x576,1995-12-25,New Jeffreystad,Louisiana,Female,30,2023-10-02
325,Angela Barton,petersenrhonda@martinez.com,001-644-894-5871x0033,1961-06-12,New Ricardochester,Indiana,,-5,2020-11-06
326,Ricardo Moon,patriciataylor@chen.org,(271)134-5548x231,1948-02-28,Sarahberg,Kansas,,70,2020-06-10
327,Anna Palmer,xrivera@gmail.com,876-351-9393x5224,1938-10-10,Anthonymouth,Delaware,Other,70,2025-10-30
328,John Francis,grayebony@pruitt-hall.net,(095)598-3305x73573,1996-06-29,North Cassidybury,Virginia,Male,79,2020-06-26
329,Sheila Hill,wsnyder@smith.com,736.982.3997,1986-03-29,West Kristimouth,Nebraska,Female,41,2023-01-24
330,Kimberly Moyer,michaelmcconnell@buckley.com,426-592-2053,04/06/1960,East Margaret,New Hampshire,Male,80,2025-03-10
331,Gary Dawson,thomaskaren@conrad-henderson.com,7237834234,2008-09-07,New Lisastad,Missouri,Female,52,2022-11-14
332,Jessica Cunningham,davidharris@hotmail.com,180-877-9311x89606,1964-09-23,Lake Theresa,Georgia,Male,61,2025-09-11
333,Laura Bradley,rthompson@miller-hawkins.com,0404441851,2001-05-04,Lake Jeffreyport,Wisconsin,Female,36,2025-05-08
334,Jennifer Frye,jonesjay@yahoo.com,057.723.5472x866,1998-02-21,Johnsonshire,New Hampshire,,76,2024-02-10
335,Larry Lane,elizabeth97@vang.com,452-463-7026,1948-10-22,Carloston,Massachusetts,Other,43,2025-02-23
336,Andrew Curtis,tbuck@gmail.com,+1-206-209-3024x0260,1996-09-21,Jennifershire,Ohio,Male,46,2021-02-22
337,Rachel Perry,ihall@mitchell.com,+1-326-507-2704x265,1993-01-24,Nguyenview,Mississippi,,52,2024-04-05
338,Bryan Adams,wutina@armstrong.org,001-315-562-6688x74446,2019-06-24,New Isabel,North Carolina,Female,57,2022-01-29
339,Ashley House,zgriffin@hotmail.com,9037926239,2008-12-27,South Jocelynview,Michigan,Male,49,2021-07-29
340,Donna Ball,invalid_email.com,918.515.5776,1954-04-21,Hubbardfurt,Missouri,Male,23,2021-01-25
341,Carol Perez,thompsonmegan@hotmail.com,(328)027-9378x17554,1957-05-20,Westburgh,North Carolina,,26,2021-03-29
342,Glenn Nguyen,hbowman@hernandez.info,+1-804-924-2459x96737,1949-11-11,Port Rachelshire,Wisconsin,Female,60,2025-06-17
343,Katherine Delgado,miguel03@yahoo.com,001-241-518-7702x627,1946-05-11,Duarteburgh,Hawaii,,46,2020-12-02
344,Caroline Williams,parkertaylor@graham-humphrey.biz,001-766-649-7734,1919-05-22,West Lindseyburgh,Missouri,Female,34,2021-01-03
345,Michael Johnson,sford@hotmail.com,001-391-763-1206x67211,2003-06-06,Parkerstad,Washington,Male,33,2025-09-30
346,Thomas Mason,watersjohn@rivers.com,(517)523-4679x27435,2017-12-16,Derekshire,Alaska,Female,39,2020-03-06
347,Duane Stephens,tweiss@yahoo.com,920.894.1604x8237,1975-03-07,Port Rodneyton,Kansas,Female,20,2023-10-25
348,Carlos Charles,foxamber@carter-ramirez.info,379.271.5573x58711,2002-08-02,New Jeanetteside,Arkansas,Female,80,2021-08-13
349,Darryl Rodriguez,orogers@blackwell.org,+1-224-419-4206x8737,1948-01-29,Terrellfurt,Louisiana,,40,2021-02-18
350,Connie Morton,jerry01@yahoo.com,(595)967-7543x18383,1916-11-03,Romeroside,Wyoming,,-5,2025-10-05
351,Stacey Simpson,edominguez@little.com,(857)509-7322,1981-02-14,Brandonfurt,West Virginia,Male,63,2022-04-03
352,Jennifer King,jeffreymarks@hotmail.com,(763)086-6092x65278,1993-01-19,New Wendyberg,Indiana,Other,51,2024-02-08
353,Edgar Little,olewis@gmail.com,795.471.1222x79766,1930-02-21,Olsonshire,Wisconsin,Male,74,2024-10-28
354,Shannon Perry,tasha09@hotmail.com,(762)755-5325,1983-02-06,Macktown,Arizona,Female,47,2020-07-07
355,Abigail Reid,wfoster@collins.com,(671)000-8009,1952-09-05,West Sarahmouth,Kansas,Male,18,2025-05-26
356,Kendra Martinez,pnash@hotmail.com,+1-013-111-7840x44992,1912-04-03,East Alexborough,Iowa,Male,37,2026-01-26
357,James Mitchell,josephparker@elliott.biz,939.871.1755x823,2001-03-03,East Jenniferberg,Washington,Other,26,2022-02-04
358,Mrs. Kendra Powell,rogersdonald@yahoo.com,+1-926-668-1709x756,1999-06-07,Philliptown,Minnesota,Female,74,2021-03-21
359,John Adkins,mathewnelson@yahoo.com,(299)239-5039,1984-10-18,Josephburgh,Mississippi,Male,34,2024-12-02
360,Luis Reilly,invalid_email.com,(474)612-7215,18/10/2002,Thomasbury,Arkansas,Female,71,
361,Marissa Escobar,marvinmcknight@hotmail.com,+1-339-789-3201,1919-05-22,New Teresa,Missouri,,48,2025-06-24
362,Sharon Underwood,vchan@yahoo.com,035-139-8087,2022-03-21,Port Justin,Arizona,Female,33,2021-12-08
363,Ronald Mercado,grahamjasmine@landry.info,(194)918-5622,1919-01-12,Alexashire,Connecticut,Other,78,2024-12-17
364,Jessica Schneider,tracy34@yahoo.com,9598233067,2014-12-29,East Karastad,West Virginia,,34,2021-12-27
365,David Rodriguez,richardjackson@scott.com,(585)602-4814x2476,1961-08-28,Jamesport,Wisconsin,Female,42,2021-10-06
366,Charles Nielsen,cherrykim@hotmail.com,875.623.0722,1984-05-09,Lake Angelhaven,Indiana,,28,2025-10-14
367,Nathaniel Franklin DDS,nathan34@harris-smith.com,+1-947-497-5044x62832,1967-03-06,Palmerborough,Oklahoma,Male,33,2026-02-19
368,Brenda Galvan,russobrent@hotmail.com,+1-119-715-4625,1919-02-03,Shahtown,Michigan,Female,54,2024-12-05
369,Deanna Barnes,bentleyhunter@gmail.com,428.019.4240x54251,2001-05-23,Kevinview,Connecticut,Male,74,2024-02-18
370,Rebecca Greer,shelbybest@gmail.com,(165)334-4692,1934-10-05,South Robert,Florida,,70,2022-01-31
371,Jason Perkins,igriffin@yahoo.com,1401557411,1984-08-14,Stewartview,South Carolina,Male,18,2021-06-02
372,Kristina Johnson,gallowaycatherine@chapman.org,681-702-8840,1954-12-26,Lake Jean,West Virginia,Other,51,2024-01-25
373,Lauren Brown,gbullock@hotmail.com,001-893-735-0012x019,1990-11-22,Port Kristinmouth,Louisiana,Male,32,2022-01-01
374,Bradley Hernandez,phillipsdavid@gmail.com,001-350-018-8904,1957-12-08,Estradaview,Utah,Male,67,2023-11-17
375,Jordan Navarro,melissagreen@hotmail.com,+1-832-095-3608x871,2002-10-19,Lesterberg,Massachusetts,Other,-5,2022-07-30
376,Jason Browning,pamelagonzales@gmail.com,700-831-1304x502,1964-06-21,East Sarahmouth,Nebraska,Other,79,2022-11-18
377,Crystal Orozco,douglasherrera@gmail.com,(365)066-9716x95691,1959-08-19,North Jessicaberg,Wisconsin,Other,73,2020-12-11
378,Jon Stevens,gregory76@morales.com,114-400-2848,1954-07-18,Richmondville,Utah,Other,58,2025-12-20
379,Elizabeth Brewer,ortizhannah@higgins-patton.net,415.423.1244x028,1967-12-24,New Davidfort,Arizona,,68,2022-08-03
380,Jordan Garrett,invalid_email.com,(646)210-1103x130,1956-08-06,Lake Leonard,North Dakota,Female,59,2023-05-18
381,Abigail Byrd,cynthia70@wise-higgins.com,616.417.1025,1960-05-25,Davismouth,California,Other,31,2024-03-24
382,Bradley Gonzales,isabelandrews@gmail.com,(685)287-9846,1918-01-02,East Juliamouth,Georgia,Female,28,2024-04-11
383,Andrea Bush,xthompson@hawkins.info,+1-986-841-9465x2701,2017-08-08,South Barry,New Mexico,Male,37,2025-07-27
384,Bruce Padilla,reevesjames@cox-phillips.net,158.801.5290x084,1987-11-29,Elizabethmouth,New York,Female,68,2024-05-14
385,Kristina Johnson,hoodchristina@gmail.com,729-506-4904x020,1968-02-17,New Jeffrey,Nevada,Other,35,2024-07-22
386,Courtney Ferguson,alexandramiller@smith.info,063-372-6221x8730,1920-04-19,East Lisastad,South Dakota,Other,75,2020-01-22
387,Mr. Joseph Phillips PhD,williamjacobs@torres.com,984.267.5919x804,2025-08-10,Jamesborough,Virginia,Other,42,2025-11-18
388,Sara Hess,yhughes@davis.com,+1-237-305-1606x94794,1964-11-10,Dawnburgh,Iowa,Female,65,2023-05-18
389,Alexandria Wood,kenneth41@hotmail.com,+1-746-537-6649x1798,1956-07-04,South Victoriachester,New York,Female,26,2022-06-25
390,Kathleen Salas,masseysonya@gmail.com,525.335.8081x994,03/07/1978,Coxhaven,Delaware,Male,43,2025-08-05
391,Jennifer Robinson,natalie77@eaton.com,001-843-820-2211x866,2002-03-29,Amyfurt,Washington,Other,76,2025-06-21
392,Krista Garcia,jacobbutler@yahoo.com,2876731699,2019-06-30,Shellymouth,Tennessee,Male,51,2025-06-11
393,Christopher Harris,michelle99@gmail.com,(727)780-8205,1914-11-15,Andersonland,Kansas,Other,39,2025-12-26
394,Tracy Deleon,cervantesmarie@oliver.net,001-102-478-8400x279,1918-11-30,Port Josephview,New Mexico,Female,60,2021-09-30
395,Christopher Evans,christopher06@kent-willis.com,532.568.2775x05298,2006-10-06,Deborahside,Hawaii,Female,52,2022-01-03
396,Shane Vaughn,tonyaescobar@erickson.com,(535)431-5265x91441,1951-07-19,Larryport,New York,Male,50,2023-06-05
397,Christopher Cantrell,karenstevens@andrade.com,+1-399-847-1460,1928-04-23,New Stevenhaven,Texas,Female,23,2020-03-30
398,Terry White,laurensteele@thomas.org,001-113-080-1147,1957-01-10,Lamshire,Iowa,,19,2025-11-30
399,Anne Logan,fsawyer@richard.com,+1-652-932-6529x033,1948-12-07,New Catherine,Tennessee,Female,46,2024-07-28
400,Kevin Dixon,invalid_email.com,001-592-594-5506x557,1923-08-23,South Thomas,Oregon,,-5,
401,Jerome Garcia,shawjoshua@gmail.com,(116)453-4556x138,1938-06-30,Changtown,North Carolina,Other,30,2021-04-28
402,Cynthia Baker,tharris@gmail.com,395-522-1697,1950-08-05,South Craigfort,Arizona,Male,75,2023-05-20
403,Ashley Johnson,washingtonkristen@hotmail.com,453-661-3919,1953-10-03,New Stephanieland,Utah,Male,72,2022-10-27
404,Lee Williams,rossgeorge@harrington.com,+1-932-615-7442,1915-04-02,West Glenn,Maine,Female,49,2021-06-15
405,Dylan Morris,jmoreno@hernandez-christensen.net,314-059-0868,1932-02-06,Alvaradoborough,Kansas,Other,41,2024-09-18
406,Alexandra Hall,wlopez@gmail.com,059.659.6905,1934-02-02,Garrettport,Washington,,25,2025-03-26
407,Kyle Williams,aaron06@reed-garner.com,0044266288,1919-05-28,Cohenstad,New Mexico,,44,2021-09-30
408,Erin Houston,dawnchen@yahoo.com,5812152409,1938-09-01,New Troyview,Wisconsin,Male,79,2025-12-10
409,Eric Johnson,shawn53@yahoo.com,+1-601-232-0715x292,1937-09-02,Katherineburgh,Oklahoma,,57,2024-08-24
410,Kevin Torres,fsanchez@daniels.info,(870)507-1972x73360,1955-03-16,New Brian,Florida,Female,55,2022-06-04
411,Eric Larson,michellestevenson@yahoo.com,+1-735-787-1772,1918-10-26,Ronaldstad,Ohio,,53,2022-11-20
412,Eric Simmons,bmartin@yahoo.com,675.720.2801x237,1921-05-25,Caseystad,Washington,Male,41,2021-12-21
413,Dr. Kimberly Johnson,vsmith@brown.info,(206)617-8156,1936-07-26,South Scott,New Jersey,Female,26,2025-01-28
414,Susan Hernandez,christopheradkins@hotmail.com,890.396.1738x52684,2003-08-24,New Jennifermouth,Georgia,,63,2020-05-27
415,Laura Kirk DDS,rrangel@mccoy.net,+1-501-915-1700x43550,2012-03-08,Gomezchester,Louisiana,Female,43,2023-12-29
416,Andrea Olson,andrew40@mejia.com,615-341-9904,1931-03-22,East Garyburgh,New York,Other,56,2022-06-10
417,Tiffany Henry,awright@hotmail.com,+1-832-553-7096x60008,1960-12-22,New Eriktown,Tennessee,Male,28,2025-07-17
418,Daniel Young DDS,joshuaward@hotmail.com,+1-670-084-2417x58067,1911-04-17,North Colleen,Wisconsin,Other,20,2025-06-24
419,Mallory Campos,mwelch@gmail.com,+1-580-296-9875x66271,1955-08-04,South Daniel,New Mexico,Male,66,2024-11-18
420,Jason Lindsey,invalid_email.com,2286703287,25/12/1947,Lake Christopher,North Carolina,Female,20,2024-11-14
421,Stephanie Calhoun,sanchezwesley@frazier.info,001-741-182-6240,1996-09-20,Butlerborough,Indiana,Male,74,2023-06-11
422,David Johnson,boliver@hotmail.com,(676)026-1150x2981,1983-11-16,Jordanport,Pennsylvania,Male,47,2021-03-22
423,Melissa Nichols,hernandeztanya@young.com,001-885-523-7962x35525,1971-05-04,Christopherview,Wyoming,Other,27,2021-05-13
424,Kimberly Ward,johnmayer@yahoo.com,(655)329-0978,1978-04-17,Ellenberg,Nevada,Male,68,2022-11-07
425,Madison Herring,haneykelly@long.org,(676)119-3938x4021,2024-07-02,Martinport,Texas,,-5,2024-10-15
426,Michael Anderson,boothrobyn@smith.com,036.136.9555,2022-12-28,Lake Brettburgh,Illinois,,70,2022-05-14
427,Dawn Gonzales,paul92@gmail.com,+1-269-066-9055x44057,1927-11-05,North John,Pennsylvania,Male,53,2023-08-20
428,Robert Farmer,chelsea93@richardson-stokes.com,353.258.3829x82617,1932-04-05,South Kelseyfurt,Missouri,Male,62,2024-09-16
429,Doris Bell,nunezmichael@nguyen-calderon.com,893-035-7565x6905,2019-06-18,Lake Briannamouth,Texas,Female,54,2022-01-22
430,Holly Miller,kevincameron@yahoo.com,+1-989-762-2208x53334,1999-03-15,East Williamville,Louisiana,Male,66,2021-12-11
431,Daniel Lewis,robbinssusan@gmail.com,(778)701-1109x3632,1962-01-27,Samanthahaven,Florida,Male,42,2023-02-25
432,Erica King,pamela02@kelley-turner.com,(696)780-3177x78120,1993-07-12,Paulfort,Delaware,,73,2021-05-19
433,Shannon Jones,tkane@hotmail.com,434-363-5769x4511,1929-01-13,East Christopher,New Mexico,Male,44,2024-03-14
434,Connor Brown,ogarza@tate.com,+1-575-075-4419x463,1916-07-18,Sloanland,Oregon,Other,41,2020-08-23
435,Tiffany Jones,cjohnson@romero.net,045-418-3064x4648,1920-03-18,Francoton,Wyoming,Other,76,2023-02-01
436,Maria Carroll,sextongail@lopez.org,001-289-691-4019x121,1992-07-27,New Amandachester,Connecticut,,51,2021-02-07
437,Timothy Dawson,kennedyshelly@hotmail.com,560.021.5201,1927-11-22,Port Michaelfort,Oregon,Male,63,2020-06-08
438,Erica Maxwell,randythomas@pratt.com,936.337.0805x327,1994-04-08,Lake Kimberly,South Carolina,Other,46,2023-06-13
439,Robert Munoz,blucas@jones-velasquez.com,+1-897-916-0980,1985-11-02,Smithshire,Indiana,Male,41,2024-06-29
440,Jason Collins,invalid_email.com,+1-446-629-6293x9264,2000-09-16,East Carrie,Tennessee,Other,76,
441,Julia Johnson,christophergarcia@hotmail.com,678-676-1028,1931-05-13,Jacquelineburgh,Mississippi,Male,47,2021-07-31
442,Wendy Weeks,gina48@hotmail.com,(067)160-1245x81288,2022-05-20,East Allisonview,South Dakota,Male,61,2022-10-18
443,Jennifer Kim,michaeljohnson@obrien-pope.com,7854561560,1914-01-29,New Ashleymouth,Alabama,,51,2020-09-07
444,James Shelton,xhill@yahoo.com,001-042-626-1006x9038,1922-05-18,North Ryan,South Carolina,Other,22,2023-06-26
445,Thomas Jones,jhuynh@yahoo.com,611-317-8300x9520,2005-09-30,New Shirleymouth,Montana,Male,80,2021-08-01
446,Julie Middleton,kenneth56@scott.info,001-729-817-5644x0776,1932-08-17,North Alisonfort,Mississippi,Female,54,2024-05-30
447,Joan Jones,leejeremy@spears.com,+1-316-325-4812x19831,1992-11-20,Joanneton,New York,Male,42,2024-06-23
448,Francisco Campbell,kaylacollins@price.com,(652)273-9310x47495,2002-07-03,Lake Davidview,Kentucky,,74,2021-09-29
449,Angela Dixon,rdiaz@yahoo.com,(118)547-7768x03050,2018-05-31,New Stevenberg,South Carolina,Male,48,2021-05-09
450,Rebecca Carter,watsonjacqueline@moss.com,932-598-7759,25/05/1915,Jessicaside,West Virginia,Other,-5,2020-05-05
451,Jack Butler MD,timothybenson@hotmail.com,338.948.8273x7979,2016-12-22,New Jared,Utah,Other,57,2022-07-18
452,Anthony Duke,blairteresa@duncan.net,469.781.5944x1447,1973-11-02,Dawsonfurt,Alabama,,22,2024-04-27
453,Daniel Wright,htorres@rodriguez.net,328-936-0942x7654,1943-04-19,Katherinehaven,South Carolina,Female,26,2021-06-18
454,Belinda Young,kdaniels@gmail.com,(321)691-1994x8143,1919-12-18,Lake Erikchester,Utah,Male,22,2021-05-25
455,Michelle Nguyen,kennethlewis@nichols-jackson.net,227-954-4271,1921-12-11,East Anthony,Oregon,Other,50,2022-04-26
456,Joe Mckay,christinaodonnell@brown-farley.info,(318)086-4337x8174,2005-09-21,Monicafort,Alaska,Female,67,2026-01-25
457,Jared Phillips,ronald33@gmail.com,259.140.3934x1924,1930-12-15,Colleenview,Mississippi,Female,53,2026-01-20
458,Alicia Gallegos,michelle08@fernandez.biz,001-846-359-2749,1968-12-22,Tamarafort,Minnesota,Other,35,2023-07-07
459,Heather Carter,smithwillie@gross.info,351.806.6734x28006,1922-08-01,Christopherport,Montana,Male,45,2020-10-02
460,Aaron Howell,invalid_email.com,810-158-3655,2018-06-25,Port Robertside,Maine,Female,69,2023-12-22
461,Christopher Patrick,maynardjoseph@yahoo.com,898-198-8689,1984-07-22,Mckenziechester,Louisiana,Female,25,2024-12-06
462,Alexander Alvarado,rebekahsharp@yahoo.com,963.977.0477x8255,2020-01-19,South Catherine,Maryland,Other,23,2020-08-27
463,Steven Sexton,johnsonkelly@yahoo.com,+1-134-688-1162,1982-09-10,Lake Andrewfurt,Delaware,Other,43,2023-09-30
464,Michael Holland,ryanthomas@obrien-oliver.net,001-434-174-6565x37273,2014-05-13,Laurenmouth,Kentucky,,32,2024-09-14
465,Holly Wagner,rodgersjacob@yahoo.com,+1-613-342-6839x513,1937-01-11,Port Kyle,Pennsylvania,Male,62,2026-02-02
466,Michael Becker,lovecynthia@gmail.com,827-392-2156,2024-01-20,New Devon,Florida,Male,45,2021-10-27
467,Caleb Schroeder,jamesjoyce@goodwin-gray.com,(500)600-0718x7125,1987-03-29,West Miguelmouth,Wyoming,Male,78,2020-07-10
468,Nicholas Garcia,campbelljoshua@hall.net,8189799509,1934-07-08,Kennethbury,Kentucky,Female,45,2020-08-03
469,Michael Davis,stevencampbell@gmail.com,538-578-5497x30172,1959-01-29,Stanleymouth,Louisiana,Female,49,2021-07-14
470,Joseph Cruz,brandonbates@hotmail.com,(031)775-4854x782,1981-08-09,Ericksonmouth,Michigan,Male,66,2023-04-29
471,Jamie Fields,sancheznicole@lewis.biz,569.639.1364,1934-04-17,Port Christybury,Minnesota,Other,71,2025-07-13
472,Jennifer Moore,jeanne43@gmail.com,0994073902,1989-10-30,Port Christinafort,Wyoming,,36,2020-11-10
473,Jessica Hoffman,johnsonjohn@gmail.com,+1-089-860-6846x43202,1939-07-03,Knightfurt,Minnesota,Female,53,2020-03-25
474,Caitlin Delacruz,garciajason@castillo.com,001-996-230-3901,1993-04-03,North Nicholas,Wyoming,,20,2025-06-22
475,Charles Gibson,stephanie41@hotmail.com,861.252.0100x36799,1993-07-01,Annamouth,New Hampshire,,-5,2023-05-17
476,Rachel Rodriguez,hillbrett@watson.com,001-879-101-8195x673,1949-04-09,North Shelley,Kentucky,Male,50,2025-10-02
477,Luis Johnson,michael03@deleon.com,1572552704,1932-12-01,East Aaron,Idaho,,27,2020-12-13
478,Brooke Velasquez,amandalam@clark-meyer.biz,(781)406-5117,2021-08-12,Espinozastad,Nevada,Male,43,2022-12-09
479,Timothy Watson,andersonrebecca@gmail.com,(868)787-5254x14842,1914-06-20,South Hannahfort,Kentucky,Male,78,2020-11-25
480,Austin Johnson,invalid_email.com,(308)879-9702,17/04/1922,Lake Stevefort,Florida,Other,39,
481,Monica Daniel,aliciahughes@yahoo.com,082.137.4672x537,2001-02-09,North Matthew,Illinois,Male,29,2022-04-14
482,Jonathan Rodriguez,wardcraig@goodman-bennett.com,457.473.0386,1983-03-01,Jenniferfort,Minnesota,Female,33,2023-03-08
483,Garrett Goodman,penaalfred@miller.com,(845)553-9126x8853,1977-01-08,Ginatown,North Carolina,,76,2024-09-13
484,Dave Ferguson,millertanya@yahoo.com,753-257-8159x57531,2017-10-13,Joshuaside,Illinois,,31,2023-09-30
485,Cheryl Vazquez,daniel93@gmail.com,135.116.3126x77290,2004-01-14,West Matthewtown,Oklahoma,,52,2023-11-26
486,Sandra Allen,buchanandeborah@hotmail.com,489-618-3417x196,1978-05-22,North Carrieborough,Minnesota,Male,30,2020-09-18
487,Donna Ward,christopher67@rogers.biz,(483)004-0408x03544,1913-10-11,Shawnstad,Nevada,Female,79,2022-04-04
488,Danielle White,jessicasantos@gmail.com,001-131-113-2022x0724,1971-02-17,South Jeremy,Tennessee,Male,35,2024-12-29
489,Matthew Alvarado,alexandraroth@hotmail.com,001-959-232-1426x3311,1971-08-15,Medinaside,Louisiana,Male,43,2020-11-29
490,April Blackburn,michael81@yahoo.com,313.331.5897x41448,1930-05-06,South Brianshire,Connecticut,Male,45,2021-02-03
491,Carrie Jackson,fdelacruz@yahoo.com,578-845-8902,1916-04-03,Cookborough,Idaho,Male,20,2024-12-26
492,Morgan Gonzalez,christinavazquez@hotmail.com,+1-267-429-5209x13523,1983-12-12,Heatherside,Washington,Female,63,2024-11-04
493,Deborah Ramirez,cathydavila@jensen-johnson.biz,+1-407-196-4185x6048,1964-01-23,South Jeffrey,Rhode Island,Male,70,2022-03-25
494,Alan Buck,shannon19@yahoo.com,(820)784-9827,1926-10-18,Colebury,California,Male,19,2021-08-09
495,Ashley Wilson,jeremyfitzgerald@franco-weaver.biz,275.138.9778,2021-09-12,East Cheryl,Arkansas,Male,80,2021-02-09
496,Daniel Moore,jenny70@gmail.com,661-121-5185x374,2002-01-25,West Kenttown,New Mexico,Female,72,2025-02-11
497,Christopher Williams,egarcia@gmail.com,+1-118-865-5960,1963-07-27,Juliestad,Louisiana,Other,77,2022-06-18
498,Joseph Cooper,burkescott@gmail.com,480.710.1298x725,2013-12-13,Kelseychester,Kansas,Male,33,2025-05-22
499,Natalie Rodriguez,hortiz@dunn-barker.org,064.705.7937x315,1954-07-06,Port Brandon,Tennessee,Other,59,2024-11-04
